Filter size (um)	Efficiency
0.2	4.73696666688334e-06
1.2	6.227376559529008e-06
5.0	1.1195343291248364e-05
20.0	3.57403729504552e-05
